{
"lengthUnit": "mil",
"remark": [],
"components": {
	"fields": ["COMPONENT_NO", "COMPONENT_NAME", "LAYER", "X_COORDINATE", "Y_COORDINATE", "ANGLE"],
	"rows": [
		[1, "C1", "T", 550, -330, 270],
		[2, "C2", "T", 406.152, -341.372, 270],
		[3, "C3", "T", 550, -580, 270],
		[4, "C4", "T", 395, -580, 270],
		[5, "C5", "T", 415, -1060, 90],
		[6, "C6", "T", 1820, -710, 90],
		[7, "C7", "T", 1820, -1015, 270],
		[8, "C8", "T", 940, -710, 180],
		[9, "C9", "T", 419.37, -1309.37, 90],
		[10, "C10", "T", 2342.816, -338.424, 90],
		[11, "H1", "T", 1705, -90, 0],
		[12, "H2", "T", 1510, -1490, 0],
		[13, "H3", "T", 2365, -820, 90],
		[14, "H4", "T", 2675, -840, 90],
		[15, "H5", "T", 465, -1485, 180],
		[16, "LED1", "T", 405, -105, 90],
		[17, "LED2", "T", 945.2482, -899.0217, 180],
		[18, "LED3", "T", 209.928, -715.4346, 0],
		[19, "R1", "T", 555, -825, 270],
		[20, "R2", "T", 405.621, -826.9178, 270],
		[21, "R3", "T", 545, -105, 90],
		[22, "R4", "T", 564.3355, -1311.0275, 90],
		[23, "R5", "T", 722.9832, -750.6638, 180],
		[24, "R6", "T", 735, -910, 0],
		[25, "R7", "B", 955, -270, 270],
		[26, "R8", "B", 1054.7778, -270, 270],
		[27, "R9", "B", 1152.334, -270, 270],
		[28, "R10", "B", 1257.1118, -270, 270],
		[29, "R11", "B", 1354.668, -270, 270],
		[30, "R12", "B", 1456.4453, -270, 270],
		[31, "R13", "B", 1558.2227, -270, 270],
		[32, "R14", "B", 1655, -270, 270],
		[33, "SW1", "T", 175, -375, 90],
		[34, "SW2", "T", 809.9655, -1299.2915, 0],
		[35, "SW3", "T", 768.24, -1099.8189, 0],
		[36, "SW4", "T", 2165, -335, 0],
		[37, "U1", "T", 780, -490, 90],
		[38, "U2", "T", 1410, -785, 0],
		[39, "U3", "T", 2050, -860, 270],
		[40, "USB1", "T", 195, -990, 270],
		[41, "PAD1", "T", 550, -369.37, 0],
		[42, "PAD2", "T", 550, -290.63, 0],
		[43, "PAD3", "T", 406.152, -380.742, 0],
		[44, "PAD4", "T", 406.152, -302.002, 0],
		[45, "PAD5", "T", 550, -619.37, 0],
		[46, "PAD6", "T", 550, -540.63, 0],
		[47, "PAD7", "T", 395, -619.37, 0],
		[48, "PAD8", "T", 395, -540.63, 0],
		[49, "PAD9", "T", 415, -1020.63, 0],
		[50, "PAD10", "T", 415, -1099.37, 0],
		[51, "PAD11", "T", 1820, -670.63, 0],
		[52, "PAD12", "T", 1820, -749.37, 0],
		[53, "PAD13", "T", 1820, -1054.37, 0],
		[54, "PAD14", "T", 1820, -975.63, 0],
		[55, "PAD15", "T", 900.63, -710, 0],
		[56, "PAD16", "T", 979.37, -710, 0],
		[57, "PAD17", "T", 419.37, -1270, 0],
		[58, "PAD18", "T", 419.37, -1348.74, 0],
		[59, "PAD19", "T", 2342.816, -299.054, 0],
		[60, "PAD20", "T", 2342.816, -377.794, 0],
		[61, "PAD21", "T", 955, -90, 0],
		[62, "PAD21", "B", 955, -90, 0],
		[63, "PAD22", "T", 1055, -90, 0],
		[64, "PAD22", "B", 1055, -90, 0],
		[65, "PAD23", "T", 1155, -90, 0],
		[66, "PAD23", "B", 1155, -90, 0],
		[67, "PAD24", "T", 1255, -90, 0],
		[68, "PAD24", "B", 1255, -90, 0],
		[69, "PAD25", "T", 1355, -90, 0],
		[70, "PAD25", "B", 1355, -90, 0],
		[71, "PAD26", "T", 1455, -90, 0],
		[72, "PAD26", "B", 1455, -90, 0],
		[73, "PAD27", "T", 1555, -90, 0],
		[74, "PAD27", "B", 1555, -90, 0],
		[75, "PAD28", "T", 1655, -90, 0],
		[76, "PAD28", "B", 1655, -90, 0],
		[77, "PAD29", "T", 1755, -90, 0],
		[78, "PAD29", "B", 1755, -90, 0],
		[79, "PAD30", "T", 1855, -90, 0],
		[80, "PAD30", "B", 1855, -90, 0],
		[81, "PAD31", "T", 1955, -90, 0],
		[82, "PAD31", "B", 1955, -90, 0],
		[83, "PAD32", "T", 2055, -90, 0],
		[84, "PAD32", "B", 2055, -90, 0],
		[85, "PAD33", "T", 2155, -90, 0],
		[86, "PAD33", "B", 2155, -90, 0],
		[87, "PAD34", "T", 2255, -90, 0],
		[88, "PAD34", "B", 2255, -90, 0],
		[89, "PAD35", "T", 2355, -90, 0],
		[90, "PAD35", "B", 2355, -90, 0],
		[91, "PAD36", "T", 2455, -90, 0],
		[92, "PAD36", "B", 2455, -90, 0],
		[93, "PAD37", "T", 760, -1490, 0],
		[94, "PAD37", "B", 760, -1490, 0],
		[95, "PAD38", "T", 860, -1490, 0],
		[96, "PAD38", "B", 860, -1490, 0],
		[97, "PAD39", "T", 960, -1490, 0],
		[98, "PAD39", "B", 960, -1490, 0],
		[99, "PAD40", "T", 1060, -1490, 0],
		[100, "PAD40", "B", 1060, -1490, 0],
		[101, "PAD41", "T", 1160, -1490, 0],
		[102, "PAD41", "B", 1160, -1490, 0],
		[103, "PAD42", "T", 1260, -1490, 0],
		[104, "PAD42", "B", 1260, -1490, 0],
		[105, "PAD43", "T", 1360, -1490, 0],
		[106, "PAD43", "B", 1360, -1490, 0],
		[107, "PAD44", "T", 1460, -1490, 0],
		[108, "PAD44", "B", 1460, -1490, 0],
		[109, "PAD45", "T", 1560, -1490, 0],
		[110, "PAD45", "B", 1560, -1490, 0],
		[111, "PAD46", "T", 1660, -1490, 0],
		[112, "PAD46", "B", 1660, -1490, 0],
		[113, "PAD47", "T", 1760, -1490, 0],
		[114, "PAD47", "B", 1760, -1490, 0],
		[115, "PAD48", "T", 1860, -1490, 0],
		[116, "PAD48", "B", 1860, -1490, 0],
		[117, "PAD49", "T", 1960, -1490, 0],
		[118, "PAD49", "B", 1960, -1490, 0],
		[119, "PAD50", "T", 2060, -1490, 0],
		[120, "PAD50", "B", 2060, -1490, 0],
		[121, "PAD51", "T", 2160, -1490, 0],
		[122, "PAD51", "B", 2160, -1490, 0],
		[123, "PAD52", "T", 2260, -1490, 0],
		[124, "PAD52", "B", 2260, -1490, 0],
		[125, "PAD53", "T", 2365, -1120, 0],
		[126, "PAD53", "B", 2365, -1120, 0],
		[127, "PAD54", "T", 2365, -1020, 0],
		[128, "PAD54", "B", 2365, -1020, 0],
		[129, "PAD55", "T", 2365, -920, 0],
		[130, "PAD55", "B", 2365, -920, 0],
		[131, "PAD56", "T", 2365, -820, 0],
		[132, "PAD56", "B", 2365, -820, 0],
		[133, "PAD57", "T", 2365, -720, 0],
		[134, "PAD57", "B", 2365, -720, 0],
		[135, "PAD58", "T", 2365, -620, 0],
		[136, "PAD58", "B", 2365, -620, 0],
		[137, "PAD59", "T", 2365, -520, 0],
		[138, "PAD59", "B", 2365, -520, 0],
		[139, "PAD60", "T", 2675, -1140, 0],
		[140, "PAD60", "B", 2675, -1140, 0],
		[141, "PAD61", "T", 2675, -1040, 0],
		[142, "PAD61", "B", 2675, -1040, 0],
		[143, "PAD62", "T", 2675, -940, 0],
		[144, "PAD62", "B", 2675, -940, 0],
		[145, "PAD63", "T", 2675, -840, 0],
		[146, "PAD63", "B", 2675, -840, 0],
		[147, "PAD64", "T", 2675, -740, 0],
		[148, "PAD64", "B", 2675, -740, 0],
		[149, "PAD65", "T", 2675, -640, 0],
		[150, "PAD65", "B", 2675, -640, 0],
		[151, "PAD66", "T", 2675, -540, 0],
		[152, "PAD66", "B", 2675, -540, 0],
		[153, "PAD67", "T", 615, -1485, 0],
		[154, "PAD67", "B", 615, -1485, 0],
		[155, "PAD68", "T", 515, -1485, 0],
		[156, "PAD68", "B", 515, -1485, 0],
		[157, "PAD69", "T", 415, -1485, 0],
		[158, "PAD69", "B", 415, -1485, 0],
		[159, "PAD70", "T", 315, -1485, 0],
		[160, "PAD70", "B", 315, -1485, 0],
		[161, "PAD71", "T", 404.797, -63.6605, 0],
		[162, "PAD72", "T", 404.797, -150.2805, 0],
		[163, "PAD73", "T", 903.9087, -899.2247, 0],
		[164, "PAD74", "T", 990.5287, -899.2247, 0],
		[165, "PAD75", "T", 251.2675, -715.2316, 0],
		[166, "PAD76", "T", 164.6475, -715.2316, 0],
		[167, "PAD77", "T", 555, -864.37, 0],
		[168, "PAD78", "T", 555, -785.63, 0],
		[169, "PAD79", "T", 405.621, -866.2878, 0],
		[170, "PAD80", "T", 405.621, -787.5478, 0],
		[171, "PAD81", "T", 545, -65.63, 0],
		[172, "PAD82", "T", 545, -144.37, 0],
		[173, "PAD83", "T", 564.3355, -1271.6575, 0],
		[174, "PAD84", "T", 564.3355, -1350.3975, 0],
		[175, "PAD85", "T", 683.6132, -750.6638, 0],
		[176, "PAD86", "T", 762.3532, -750.6638, 0],
		[177, "PAD87", "T", 774.37, -910, 0],
		[178, "PAD88", "T", 695.63, -910, 0],
		[179, "PAD89", "B", 955, -309.37, 0],
		[180, "PAD90", "B", 955, -230.63, 0],
		[181, "PAD91", "B", 1054.7778, -309.37, 0],
		[182, "PAD92", "B", 1054.7778, -230.63, 0],
		[183, "PAD93", "B", 1152.334, -309.37, 0],
		[184, "PAD94", "B", 1152.334, -230.63, 0],
		[185, "PAD95", "B", 1257.1118, -309.37, 0],
		[186, "PAD96", "B", 1257.1118, -230.63, 0],
		[187, "PAD97", "B", 1354.668, -309.37, 0],
		[188, "PAD98", "B", 1354.668, -230.63, 0],
		[189, "PAD99", "B", 1456.4453, -309.37, 0],
		[190, "PAD100", "B", 1456.4453, -230.63, 0],
		[191, "PAD101", "B", 1558.2227, -309.37, 0],
		[192, "PAD102", "B", 1558.2227, -230.63, 0],
		[193, "PAD103", "B", 1655, -309.37, 0],
		[194, "PAD104", "B", 1655, -230.63, 0],
		[195, "PAD105", "T", 54.919, -473.425, 0],
		[196, "PAD106", "T", 54.919, -374.995, 0],
		[197, "PAD107", "T", 54.919, -276.575, 0],
		[198, "PAD108", "T", 295.081, -473.425, 0],
		[199, "PAD109", "T", 295.081, -374.995, 0],
		[200, "PAD110", "T", 295.081, -276.575, 0],
		[201, "PAD111", "T", 729.8455, -1299.2915, 0],
		[202, "PAD112", "T", 890.0855, -1299.2915, 0],
		[203, "PAD113", "T", 688.12, -1099.8189, 0],
		[204, "PAD114", "T", 848.36, -1099.8189, 0],
		[205, "PAD115", "T", 2084.88, -335, 0],
		[206, "PAD116", "T", 2245.12, -335, 0],
		[207, "PAD117", "T", 870.55, -373.073, 0],
		[208, "PAD118", "T", 780, -373.073, 0],
		[209, "PAD119", "T", 689.45, -373.073, 0],
		[210, "PAD120", "T", 780, -606.928, 0],
		[211, "PAD121", "T", 1252.52, -1010.79, 0],
		[212, "PAD122", "T", 1284.02, -1010.79, 0],
		[213, "PAD123", "T", 1315.51, -1010.79, 0],
		[214, "PAD124", "T", 1347.01, -1010.79, 0],
		[215, "PAD125", "T", 1378.5, -1010.79, 0],
		[216, "PAD126", "T", 1410, -1010.79, 0],
		[217, "PAD127", "T", 1441.5, -1010.79, 0],
		[218, "PAD128", "T", 1472.99, -1010.79, 0],
		[219, "PAD129", "T", 1504.49, -1010.79, 0],
		[220, "PAD130", "T", 1535.98, -1010.79, 0],
		[221, "PAD131", "T", 1567.48, -1010.79, 0],
		[222, "PAD132", "T", 1635.79, -942.48, 0],
		[223, "PAD133", "T", 1635.79, -910.98, 0],
		[224, "PAD134", "T", 1635.79, -879.49, 0],
		[225, "PAD135", "T", 1635.79, -847.99, 0],
		[226, "PAD136", "T", 1635.79, -816.5, 0],
		[227, "PAD137", "T", 1635.79, -785, 0],
		[228, "PAD138", "T", 1635.79, -753.5, 0],
		[229, "PAD139", "T", 1635.79, -722.01, 0],
		[230, "PAD140", "T", 1635.79, -690.51, 0],
		[231, "PAD141", "T", 1635.79, -659.02, 0],
		[232, "PAD142", "T", 1635.79, -627.52, 0],
		[233, "PAD143", "T", 1567.48, -559.21, 0],
		[234, "PAD144", "T", 1535.98, -559.21, 0],
		[235, "PAD145", "T", 1504.49, -559.21, 0],
		[236, "PAD146", "T", 1472.99, -559.21, 0],
		[237, "PAD147", "T", 1441.5, -559.21, 0],
		[238, "PAD148", "T", 1410, -559.21, 0],
		[239, "PAD149", "T", 1378.5, -559.21, 0],
		[240, "PAD150", "T", 1347.01, -559.21, 0],
		[241, "PAD151", "T", 1315.51, -559.21, 0],
		[242, "PAD152", "T", 1284.02, -559.21, 0],
		[243, "PAD153", "T", 1252.52, -559.21, 0],
		[244, "PAD154", "T", 1184.21, -627.52, 0],
		[245, "PAD155", "T", 1184.21, -659.02, 0],
		[246, "PAD156", "T", 1184.21, -690.51, 0],
		[247, "PAD157", "T", 1184.21, -722.01, 0],
		[248, "PAD158", "T", 1184.21, -753.5, 0],
		[249, "PAD159", "T", 1184.21, -785, 0],
		[250, "PAD160", "T", 1184.21, -816.5, 0],
		[251, "PAD161", "T", 1184.21, -847.99, 0],
		[252, "PAD162", "T", 1184.21, -879.49, 0],
		[253, "PAD163", "T", 1184.21, -910.98, 0],
		[254, "PAD164", "T", 1184.21, -942.48, 0],
		[255, "PAD165", "T", 2050, -1035.2, 0],
		[256, "PAD166", "T", 2050, -684.8, 0],
		[257, "PAD167", "T", 274.725, -883.705, 0],
		[258, "PAD168", "T", 274.725, -930.945, 0],
		[259, "PAD169", "T", 274.725, -970.315, 0],
		[260, "PAD170", "T", 274.725, -1009.685, 0],
		[261, "PAD171", "T", 274.725, -1049.055, 0],
		[262, "PAD172", "T", 274.725, -1096.295, 0],
		[263, "PAD173", "T", 115.275, -1160.075, 0],
		[264, "PAD173", "B", 115.275, -1160.075, 0],
		[265, "PAD174", "T", 115.275, -819.925, 0],
		[266, "PAD174", "B", 115.275, -819.925, 0],
		[267, "PAD175", "T", 264.885, -1160.075, 0],
		[268, "PAD175", "B", 264.885, -1160.075, 0],
		[269, "PAD176", "T", 264.885, -819.925, 0],
		[270, "PAD176", "B", 264.885, -819.925, 0]
	]
},
"pins": {
	"fields": ["PIN_NO", "PIN_NAME", "PIN_X", "PIN_Y", "LAYER", "PIN_TYPE", "NET_NAME", "NET_TYPE", "PAD_SHAPE", "PAD_SIZEX", "PAD_SIZEY", "HOLE_SIZE", "HOLE_LEN", "PAD_ANGLE"],
	"rows": [
		[1, "C1_1", 550, -290.63, "T", "SMD", "+5V", "", "R", 55.512, 53.15, 0, 0, 270],
		[2, "C1_2", 550, -369.37, "T", "SMD", "GND", "GND", "R", 55.512, 53.15, 0, 0, 270],
		[3, "C2_1", 406.152, -302.002, "T", "SMD", "+5V", "", "R", 55.512, 53.15, 0, 0, 270],
		[4, "C2_2", 406.152, -380.742, "T", "SMD", "GND", "GND", "R", 55.512, 53.15, 0, 0, 270],
		[5, "C3_1", 550, -540.63, "T", "SMD", "3.3V", "", "R", 55.512, 53.15, 0, 0, 270],
		[6, "C3_2", 550, -619.37, "T", "SMD", "GND", "GND", "R", 55.512, 53.15, 0, 0, 270],
		[7, "C4_1", 395, -540.63, "T", "SMD", "3.3V", "", "R", 55.512, 53.15, 0, 0, 270],
		[8, "C4_2", 395, -619.37, "T", "SMD", "GND", "GND", "R", 55.512, 53.15, 0, 0, 270],
		[9, "C5_1", 415, -1099.37, "T", "SMD", "+5V", "", "R", 55.512, 53.15, 0, 0, 90],
		[10, "C5_2", 415, -1020.63, "T", "SMD", "GND", "GND", "R", 55.512, 53.15, 0, 0, 90],
		[11, "C6_1", 1820, -749.37, "T", "SMD", "XTAL1", "", "R", 55.512, 53.15, 0, 0, 90],
		[12, "C6_2", 1820, -670.63, "T", "SMD", "GND", "GND", "R", 55.512, 53.15, 0, 0, 90],
		[13, "C7_1", 1820, -975.63, "T", "SMD", "XTAL2", "", "R", 55.512, 53.15, 0, 0, 270],
		[14, "C7_2", 1820, -1054.37, "T", "SMD", "GND", "GND", "R", 55.512, 53.15, 0, 0, 270],
		[15, "C8_1", 979.37, -710, "T", "SMD", "+5V", "", "R", 55.512, 53.15, 0, 0, 180],
		[16, "C8_2", 900.63, -710, "T", "SMD", "RST", "", "R", 55.512, 53.15, 0, 0, 180],
		[17, "C9_1", 419.37, -1348.74, "T", "SMD", "GND", "GND", "R", 55.512, 53.15, 0, 0, 90],
		[18, "C9_2", 419.37, -1270, "T", "SMD", "P2.0", "", "R", 55.512, 53.15, 0, 0, 90],
		[19, "C10_1", 2342.816, -377.794, "T", "SMD", "GND", "GND", "R", 55.512, 53.15, 0, 0, 90],
		[20, "C10_2", 2342.816, -299.054, "T", "SMD", "P2.1", "", "R", 55.512, 53.15, 0, 0, 90],
		[21, "H1_1", 955, -90, "T", "DIP", "P0.0", "", "R", 70.866, 70.866, 43.308, 43.308, 0],
		[22, "H1_1", 955, -90, "B", "DIP", "P0.0", "", "R", 70.866, 70.866, 43.308, 43.308, 0],
		[23, "H1_2", 1055, -90, "T", "DIP", "P0.1", "", "C", 70.866, 70.866, 43.308, 43.308, 0],
		[24, "H1_2", 1055, -90, "B", "DIP", "P0.1", "", "C", 70.866, 70.866, 43.308, 43.308, 0],
		[25, "H1_3", 1155, -90, "T", "DIP", "P0.2", "", "C", 70.866, 70.866, 43.308, 43.308, 0],
		[26, "H1_3", 1155, -90, "B", "DIP", "P0.2", "", "C", 70.866, 70.866, 43.308, 43.308, 0],
		[27, "H1_4", 1255, -90, "T", "DIP", "P0.3", "", "C", 70.866, 70.866, 43.308, 43.308, 0],
		[28, "H1_4", 1255, -90, "B", "DIP", "P0.3", "", "C", 70.866, 70.866, 43.308, 43.308, 0],
		[29, "H1_5", 1355, -90, "T", "DIP", "P0.4", "", "C", 70.866, 70.866, 43.308, 43.308, 0],
		[30, "H1_5", 1355, -90, "B", "DIP", "P0.4", "", "C", 70.866, 70.866, 43.308, 43.308, 0],
		[31, "H1_6", 1455, -90, "T", "DIP", "P0.5", "", "C", 70.866, 70.866, 43.308, 43.308, 0],
		[32, "H1_6", 1455, -90, "B", "DIP", "P0.5", "", "C", 70.866, 70.866, 43.308, 43.308, 0],
		[33, "H1_7", 1555, -90, "T", "DIP", "P0.6", "", "C", 70.866, 70.866, 43.308, 43.308, 0],
		[34, "H1_7", 1555, -90, "B", "DIP", "P0.6", "", "C", 70.866, 70.866, 43.308, 43.308, 0],
		[35, "H1_8", 1655, -90, "T", "DIP", "P0.7", "", "C", 70.866, 70.866, 43.308, 43.308, 0],
		[36, "H1_8", 1655, -90, "B", "DIP", "P0.7", "", "C", 70.866, 70.866, 43.308, 43.308, 0],
		[37, "H1_9", 1755, -90, "T", "DIP", "P2.7", "", "C", 70.866, 70.866, 43.308, 43.308, 0],
		[38, "H1_9", 1755, -90, "B", "DIP", "P2.7", "", "C", 70.866, 70.866, 43.308, 43.308, 0],
		[39, "H1_10", 1855, -90, "T", "DIP", "P2.6", "", "C", 70.866, 70.866, 43.308, 43.308, 0],
		[40, "H1_10", 1855, -90, "B", "DIP", "P2.6", "", "C", 70.866, 70.866, 43.308, 43.308, 0],
		[41, "H1_11", 1955, -90, "T", "DIP", "P2.5", "", "C", 70.866, 70.866, 43.308, 43.308, 0],
		[42, "H1_11", 1955, -90, "B", "DIP", "P2.5", "", "C", 70.866, 70.866, 43.308, 43.308, 0],
		[43, "H1_12", 2055, -90, "T", "DIP", "P2.4", "", "C", 70.866, 70.866, 43.308, 43.308, 0],
		[44, "H1_12", 2055, -90, "B", "DIP", "P2.4", "", "C", 70.866, 70.866, 43.308, 43.308, 0],
		[45, "H1_13", 2155, -90, "T", "DIP", "P2.3", "", "C", 70.866, 70.866, 43.308, 43.308, 0],
		[46, "H1_13", 2155, -90, "B", "DIP", "P2.3", "", "C", 70.866, 70.866, 43.308, 43.308, 0],
		[47, "H1_14", 2255, -90, "T", "DIP", "P2.2", "", "C", 70.866, 70.866, 43.308, 43.308, 0],
		[48, "H1_14", 2255, -90, "B", "DIP", "P2.2", "", "C", 70.866, 70.866, 43.308, 43.308, 0],
		[49, "H1_15", 2355, -90, "T", "DIP", "P2.1", "", "C", 70.866, 70.866, 43.308, 43.308, 0],
		[50, "H1_15", 2355, -90, "B", "DIP", "P2.1", "", "C", 70.866, 70.866, 43.308, 43.308, 0],
		[51, "H1_16", 2455, -90, "T", "DIP", "P2.0", "", "C", 70.866, 70.866, 43.308, 43.308, 0],
		[52, "H1_16", 2455, -90, "B", "DIP", "P2.0", "", "C", 70.866, 70.866, 43.308, 43.308, 0],
		[53, "H2_1", 760, -1490, "T", "DIP", "P1.0", "", "R", 70.866, 70.866, 43.308, 43.308, 0],
		[54, "H2_1", 760, -1490, "B", "DIP", "P1.0", "", "R", 70.866, 70.866, 43.308, 43.308, 0],
		[55, "H2_2", 860, -1490, "T", "DIP", "P1.1", "", "C", 70.866, 70.866, 43.308, 43.308, 0],
		[56, "H2_2", 860, -1490, "B", "DIP", "P1.1", "", "C", 70.866, 70.866, 43.308, 43.308, 0],
		[57, "H2_3", 960, -1490, "T", "DIP", "P1.2", "", "C", 70.866, 70.866, 43.308, 43.308, 0],
		[58, "H2_3", 960, -1490, "B", "DIP", "P1.2", "", "C", 70.866, 70.866, 43.308, 43.308, 0],
		[59, "H2_4", 1060, -1490, "T", "DIP", "P1.3", "", "C", 70.866, 70.866, 43.308, 43.308, 0],
		[60, "H2_4", 1060, -1490, "B", "DIP", "P1.3", "", "C", 70.866, 70.866, 43.308, 43.308, 0],
		[61, "H2_5", 1160, -1490, "T", "DIP", "P1.4", "", "C", 70.866, 70.866, 43.308, 43.308, 0],
		[62, "H2_5", 1160, -1490, "B", "DIP", "P1.4", "", "C", 70.866, 70.866, 43.308, 43.308, 0],
		[63, "H2_6", 1260, -1490, "T", "DIP", "P1.5", "", "C", 70.866, 70.866, 43.308, 43.308, 0],
		[64, "H2_6", 1260, -1490, "B", "DIP", "P1.5", "", "C", 70.866, 70.866, 43.308, 43.308, 0],
		[65, "H2_7", 1360, -1490, "T", "DIP", "P1.6", "", "C", 70.866, 70.866, 43.308, 43.308, 0],
		[66, "H2_7", 1360, -1490, "B", "DIP", "P1.6", "", "C", 70.866, 70.866, 43.308, 43.308, 0],
		[67, "H2_8", 1460, -1490, "T", "DIP", "P1.7", "", "C", 70.866, 70.866, 43.308, 43.308, 0],
		[68, "H2_8", 1460, -1490, "B", "DIP", "P1.7", "", "C", 70.866, 70.866, 43.308, 43.308, 0],
		[69, "H2_9", 1560, -1490, "T", "DIP", "P3.0", "", "C", 70.866, 70.866, 43.308, 43.308, 0],
		[70, "H2_9", 1560, -1490, "B", "DIP", "P3.0", "", "C", 70.866, 70.866, 43.308, 43.308, 0],
		[71, "H2_10", 1660, -1490, "T", "DIP", "P3.1", "", "C", 70.866, 70.866, 43.308, 43.308, 0],
		[72, "H2_10", 1660, -1490, "B", "DIP", "P3.1", "", "C", 70.866, 70.866, 43.308, 43.308, 0],
		[73, "H2_11", 1760, -1490, "T", "DIP", "P3.2", "", "C", 70.866, 70.866, 43.308, 43.308, 0],
		[74, "H2_11", 1760, -1490, "B", "DIP", "P3.2", "", "C", 70.866, 70.866, 43.308, 43.308, 0],
		[75, "H2_12", 1860, -1490, "T", "DIP", "P3.3", "", "C", 70.866, 70.866, 43.308, 43.308, 0],
		[76, "H2_12", 1860, -1490, "B", "DIP", "P3.3", "", "C", 70.866, 70.866, 43.308, 43.308, 0],
		[77, "H2_13", 1960, -1490, "T", "DIP", "P3.4", "", "C", 70.866, 70.866, 43.308, 43.308, 0],
		[78, "H2_13", 1960, -1490, "B", "DIP", "P3.4", "", "C", 70.866, 70.866, 43.308, 43.308, 0],
		[79, "H2_14", 2060, -1490, "T", "DIP", "P3.5", "", "C", 70.866, 70.866, 43.308, 43.308, 0],
		[80, "H2_14", 2060, -1490, "B", "DIP", "P3.5", "", "C", 70.866, 70.866, 43.308, 43.308, 0],
		[81, "H2_15", 2160, -1490, "T", "DIP", "P3.6", "", "C", 70.866, 70.866, 43.308, 43.308, 0],
		[82, "H2_15", 2160, -1490, "B", "DIP", "P3.6", "", "C", 70.866, 70.866, 43.308, 43.308, 0],
		[83, "H2_16", 2260, -1490, "T", "DIP", "P3.7", "", "C", 70.866, 70.866, 43.308, 43.308, 0],
		[84, "H2_16", 2260, -1490, "B", "DIP", "P3.7", "", "C", 70.866, 70.866, 43.308, 43.308, 0],
		[85, "H3_1", 2365, -1120, "T", "DIP", "P4.0", "", "R", 66.929, 66.929, 43.308, 43.308, 90],
		[86, "H3_1", 2365, -1120, "B", "DIP", "P4.0", "", "R", 66.929, 66.929, 43.308, 43.308, 90],
		[87, "H3_2", 2365, -1020, "T", "DIP", "P4.1", "", "C", 66.929, 66.929, 43.308, 43.308, 90],
		[88, "H3_2", 2365, -1020, "B", "DIP", "P4.1", "", "C", 66.929, 66.929, 43.308, 43.308, 90],
		[89, "H3_3", 2365, -920, "T", "DIP", "P4.2", "", "C", 66.929, 66.929, 43.308, 43.308, 90],
		[90, "H3_3", 2365, -920, "B", "DIP", "P4.2", "", "C", 66.929, 66.929, 43.308, 43.308, 90],
		[91, "H3_4", 2365, -820, "T", "DIP", "P4.3", "", "C", 66.929, 66.929, 43.308, 43.308, 90],
		[92, "H3_4", 2365, -820, "B", "DIP", "P4.3", "", "C", 66.929, 66.929, 43.308, 43.308, 90],
		[93, "H3_5", 2365, -720, "T", "DIP", "P4.4", "", "C", 66.929, 66.929, 43.308, 43.308, 90],
		[94, "H3_5", 2365, -720, "B", "DIP", "P4.4", "", "C", 66.929, 66.929, 43.308, 43.308, 90],
		[95, "H3_6", 2365, -620, "T", "DIP", "P4.5", "", "C", 66.929, 66.929, 43.308, 43.308, 90],
		[96, "H3_6", 2365, -620, "B", "DIP", "P4.5", "", "C", 66.929, 66.929, 43.308, 43.308, 90],
		[97, "H3_7", 2365, -520, "T", "DIP", "P4.6", "", "C", 66.929, 66.929, 43.308, 43.308, 90],
		[98, "H3_7", 2365, -520, "B", "DIP", "P4.6", "", "C", 66.929, 66.929, 43.308, 43.308, 90],
		[99, "H4_1", 2675, -1140, "T", "DIP", "+5V", "", "R", 66.929, 66.929, 43.308, 43.308, 90],
		[100, "H4_1", 2675, -1140, "B", "DIP", "+5V", "", "R", 66.929, 66.929, 43.308, 43.308, 90],
		[101, "H4_2", 2675, -1040, "T", "DIP", "+5V", "", "C", 66.929, 66.929, 43.308, 43.308, 90],
		[102, "H4_2", 2675, -1040, "B", "DIP", "+5V", "", "C", 66.929, 66.929, 43.308, 43.308, 90],
		[103, "H4_3", 2675, -940, "T", "DIP", "3.3V", "", "C", 66.929, 66.929, 43.308, 43.308, 90],
		[104, "H4_3", 2675, -940, "B", "DIP", "3.3V", "", "C", 66.929, 66.929, 43.308, 43.308, 90],
		[105, "H4_4", 2675, -840, "T", "DIP", "3.3V", "", "C", 66.929, 66.929, 43.308, 43.308, 90],
		[106, "H4_4", 2675, -840, "B", "DIP", "3.3V", "", "C", 66.929, 66.929, 43.308, 43.308, 90],
		[107, "H4_5", 2675, -740, "T", "DIP", "GND", "GND", "C", 66.929, 66.929, 43.308, 43.308, 90],
		[108, "H4_5", 2675, -740, "B", "DIP", "GND", "GND", "C", 66.929, 66.929, 43.308, 43.308, 90],
		[109, "H4_6", 2675, -640, "T", "DIP", "GND", "GND", "C", 66.929, 66.929, 43.308, 43.308, 90],
		[110, "H4_6", 2675, -640, "B", "DIP", "GND", "GND", "C", 66.929, 66.929, 43.308, 43.308, 90],
		[111, "H4_7", 2675, -540, "T", "DIP", "GND", "GND", "C", 66.929, 66.929, 43.308, 43.308, 90],
		[112, "H4_7", 2675, -540, "B", "DIP", "GND", "GND", "C", 66.929, 66.929, 43.308, 43.308, 90],
		[113, "H5_1", 615, -1485, "T", "DIP", "P3.0", "", "R", 66.929, 66.929, 43.308, 43.308, 180],
		[114, "H5_1", 615, -1485, "B", "DIP", "P3.0", "", "R", 66.929, 66.929, 43.308, 43.308, 180],
		[115, "H5_2", 515, -1485, "T", "DIP", "P3.1", "", "C", 66.929, 66.929, 43.308, 43.308, 180],
		[116, "H5_2", 515, -1485, "B", "DIP", "P3.1", "", "C", 66.929, 66.929, 43.308, 43.308, 180],
		[117, "H5_3", 415, -1485, "T", "DIP", "+5V", "", "C", 66.929, 66.929, 43.308, 43.308, 180],
		[118, "H5_3", 415, -1485, "B", "DIP", "+5V", "", "C", 66.929, 66.929, 43.308, 43.308, 180],
		[119, "H5_4", 315, -1485, "T", "DIP", "GND", "GND", "C", 66.929, 66.929, 43.308, 43.308, 180],
		[120, "H5_4", 315, -1485, "B", "DIP", "GND", "GND", "C", 66.929, 66.929, 43.308, 43.308, 180],
		[121, "LED1_1", 404.797, -150.2805, "T", "SMD", "GND", "GND", "R", 39.37, 49.213, 0, 0, 270],
		[122, "LED1_2", 404.797, -63.6605, "T", "SMD", "$1N913", "", "R", 39.37, 49.213, 0, 0, 270],
		[123, "LED2_1", 990.5287, -899.2247, "T", "SMD", "P1.1", "", "R", 39.37, 49.213, 0, 0, 360],
		[124, "LED2_2", 903.9087, -899.2247, "T", "SMD", "$1N3408", "", "R", 39.37, 49.213, 0, 0, 360],
		[125, "LED3_1", 164.6475, -715.2316, "T", "SMD", "P1.0", "", "R", 39.37, 49.213, 0, 0, 180],
		[126, "LED3_2", 251.2675, -715.2316, "T", "SMD", "$1N3419", "", "R", 39.37, 49.213, 0, 0, 180],
		[127, "R1_1", 555, -785.63, "T", "SMD", "$1N227", "", "R", 44.588, 54.213, 0, 0, 270],
		[128, "R1_2", 555, -864.37, "T", "SMD", "GND", "GND", "R", 44.588, 54.213, 0, 0, 270],
		[129, "R2_1", 405.621, -787.5478, "T", "SMD", "$1N231", "", "R", 44.588, 54.213, 0, 0, 270],
		[130, "R2_2", 405.621, -866.2878, "T", "SMD", "GND", "GND", "R", 44.588, 54.213, 0, 0, 270],
		[131, "R3_1", 545, -144.37, "T", "SMD", "3.3V", "", "R", 44.588, 54.213, 0, 0, 90],
		[132, "R3_2", 545, -65.63, "T", "SMD", "$1N913", "", "R", 44.588, 54.213, 0, 0, 90],
		[133, "R4_1", 564.3355, -1350.3975, "T", "SMD", "GND", "GND", "R", 44.588, 54.213, 0, 0, 90],
		[134, "R4_2", 564.3355, -1271.6575, "T", "SMD", "RST", "", "R", 44.588, 54.213, 0, 0, 90],
		[135, "R5_1", 762.3532, -750.6638, "T", "SMD", "$1N3408", "", "R", 44.588, 54.213, 0, 0, 180],
		[136, "R5_2", 683.6132, -750.6638, "T", "SMD", "3.3V", "", "R", 44.588, 54.213, 0, 0, 180],
		[137, "R6_1", 695.63, -910, "T", "SMD", "$1N3419", "", "R", 44.588, 54.213, 0, 0, 0],
		[138, "R6_2", 774.37, -910, "T", "SMD", "3.3V", "", "R", 44.588, 54.213, 0, 0, 0],
		[139, "R7_1", 955, -230.63, "B", "SMD", "P0.0", "", "R", 44.588, 54.213, 0, 0, 270],
		[140, "R7_2", 955, -309.37, "B", "SMD", "+5V", "", "R", 44.588, 54.213, 0, 0, 270],
		[141, "R8_1", 1054.7778, -230.63, "B", "SMD", "P0.1", "", "R", 44.588, 54.213, 0, 0, 270],
		[142, "R8_2", 1054.7778, -309.37, "B", "SMD", "+5V", "", "R", 44.588, 54.213, 0, 0, 270],
		[143, "R9_1", 1152.334, -230.63, "B", "SMD", "P0.2", "", "R", 44.588, 54.213, 0, 0, 270],
		[144, "R9_2", 1152.334, -309.37, "B", "SMD", "+5V", "", "R", 44.588, 54.213, 0, 0, 270],
		[145, "R10_1", 1257.1118, -230.63, "B", "SMD", "P0.3", "", "R", 44.588, 54.213, 0, 0, 270],
		[146, "R10_2", 1257.1118, -309.37, "B", "SMD", "+5V", "", "R", 44.588, 54.213, 0, 0, 270],
		[147, "R11_1", 1354.668, -230.63, "B", "SMD", "P0.4", "", "R", 44.588, 54.213, 0, 0, 270],
		[148, "R11_2", 1354.668, -309.37, "B", "SMD", "+5V", "", "R", 44.588, 54.213, 0, 0, 270],
		[149, "R12_1", 1456.4453, -230.63, "B", "SMD", "P0.5", "", "R", 44.588, 54.213, 0, 0, 270],
		[150, "R12_2", 1456.4453, -309.37, "B", "SMD", "+5V", "", "R", 44.588, 54.213, 0, 0, 270],
		[151, "R13_1", 1558.2227, -230.63, "B", "SMD", "P0.6", "", "R", 44.588, 54.213, 0, 0, 270],
		[152, "R13_2", 1558.2227, -309.37, "B", "SMD", "+5V", "", "R", 44.588, 54.213, 0, 0, 270],
		[153, "R14_1", 1655, -230.63, "B", "SMD", "P0.7", "", "R", 44.588, 54.213, 0, 0, 270],
		[154, "R14_2", 1655, -309.37, "B", "SMD", "+5V", "", "R", 44.588, 54.213, 0, 0, 270],
		[155, "SW1_1", 54.919, -473.425, "T", "SMD", "GND", "GND", "R", 27.559, 70.866, 0, 0, 90],
		[156, "SW1_2", 54.919, -374.995, "T", "SMD", "GND", "GND", "R", 27.559, 70.866, 0, 0, 90],
		[157, "SW1_3", 54.919, -276.575, "T", "SMD", "GND", "GND", "R", 27.559, 70.866, 0, 0, 90],
		[158, "SW1_4", 295.081, -473.425, "T", "SMD", "+5V", "", "R", 27.559, 70.866, 0, 0, 90],
		[159, "SW1_5", 295.081, -374.995, "T", "SMD", "+5V", "", "R", 27.559, 70.866, 0, 0, 90],
		[160, "SW1_6", 295.081, -276.575, "T", "SMD", "+5V", "", "R", 27.559, 70.866, 0, 0, 90],
		[161, "SW2_1", 729.8455, -1299.2915, "T", "SMD", "RST", "", "R", 60.236, 53.543, 0, 0, 0],
		[162, "SW2_2", 890.0855, -1299.2915, "T", "SMD", "+5V", "", "R", 60.236, 53.543, 0, 0, 0],
		[163, "SW3_1", 688.12, -1099.8189, "T", "SMD", "P2.0", "", "R", 60.236, 53.543, 0, 0, 0],
		[164, "SW3_2", 848.36, -1099.8189, "T", "SMD", "GND", "GND", "R", 60.236, 53.543, 0, 0, 0],
		[165, "SW4_1", 2084.88, -335, "T", "SMD", "P2.1", "", "R", 60.236, 53.543, 0, 0, 0],
		[166, "SW4_2", 2245.12, -335, "T", "SMD", "GND", "GND", "R", 60.236, 53.543, 0, 0, 0],
		[167, "U1_1", 870.55, -373.073, "T", "SMD", "GND", "GND", "R", 98.425, 43.307, 0, 0, 90],
		[168, "U1_2", 780, -373.073, "T", "SMD", "3.3V", "", "R", 98.425, 43.307, 0, 0, 90],
		[169, "U1_3", 689.45, -373.073, "T", "SMD", "+5V", "", "R", 98.425, 43.307, 0, 0, 90],
		[170, "U1_4", 780, -606.928, "T", "SMD", "3.3V", "", "R", 92.126, 141.732, 0, 0, 90],
		[171, "U2_1", 1252.52, -1010.79, "T", "SMD", "P1.5", "", "O", 16.535, 65.748, 0, 0, 0],
		[172, "U2_2", 1284.02, -1010.79, "T", "SMD", "P1.6", "", "O", 16.535, 65.748, 0, 0, 0],
		[173, "U2_3", 1315.51, -1010.79, "T", "SMD", "P1.7", "", "O", 16.535, 65.748, 0, 0, 0],
		[174, "U2_4", 1347.01, -1010.79, "T", "SMD", "RST", "", "O", 16.535, 65.748, 0, 0, 0],
		[175, "U2_5", 1378.5, -1010.79, "T", "SMD", "P3.0", "", "O", 16.535, 65.748, 0, 0, 0],
		[176, "U2_6", 1410, -1010.79, "T", "SMD", "P4.3", "", "O", 16.535, 65.748, 0, 0, 0],
		[177, "U2_7", 1441.5, -1010.79, "T", "SMD", "P3.1", "", "O", 16.535, 65.748, 0, 0, 0],
		[178, "U2_8", 1472.99, -1010.79, "T", "SMD", "P3.2", "", "O", 16.535, 65.748, 0, 0, 0],
		[179, "U2_9", 1504.49, -1010.79, "T", "SMD", "P3.3", "", "O", 16.535, 65.748, 0, 0, 0],
		[180, "U2_10", 1535.98, -1010.79, "T", "SMD", "P3.4", "", "O", 16.535, 65.748, 0, 0, 0],
		[181, "U2_11", 1567.48, -1010.79, "T", "SMD", "P3.5", "", "O", 16.535, 65.748, 0, 0, 0],
		[182, "U2_12", 1635.79, -942.48, "T", "SMD", "P3.6", "", "O", 65.748, 16.535, 0, 0, 0],
		[183, "U2_13", 1635.79, -910.98, "T", "SMD", "P3.7", "", "O", 65.748, 16.535, 0, 0, 0],
		[184, "U2_14", 1635.79, -879.49, "T", "SMD", "XTAL2", "", "O", 65.748, 16.535, 0, 0, 0],
		[185, "U2_15", 1635.79, -847.99, "T", "SMD", "XTAL1", "", "O", 65.748, 16.535, 0, 0, 0],
		[186, "U2_16", 1635.79, -816.5, "T", "SMD", "GND", "GND", "O", 65.748, 16.535, 0, 0, 0],
		[187, "U2_17", 1635.79, -785, "T", "SMD", "P4.0", "", "O", 65.748, 16.535, 0, 0, 0],
		[188, "U2_18", 1635.79, -753.5, "T", "SMD", "P2.0", "", "O", 65.748, 16.535, 0, 0, 0],
		[189, "U2_19", 1635.79, -722.01, "T", "SMD", "P2.1", "", "O", 65.748, 16.535, 0, 0, 0],
		[190, "U2_20", 1635.79, -690.51, "T", "SMD", "P2.2", "", "O", 65.748, 16.535, 0, 0, 0],
		[191, "U2_21", 1635.79, -659.02, "T", "SMD", "P2.3", "", "O", 65.748, 16.535, 0, 0, 0],
		[192, "U2_22", 1635.79, -627.52, "T", "SMD", "P2.4", "", "O", 65.748, 16.535, 0, 0, 0],
		[193, "U2_23", 1567.48, -559.21, "T", "SMD", "P2.5", "", "O", 16.535, 65.748, 0, 0, 0],
		[194, "U2_24", 1535.98, -559.21, "T", "SMD", "P2.6", "", "O", 16.535, 65.748, 0, 0, 0],
		[195, "U2_25", 1504.49, -559.21, "T", "SMD", "P2.7", "", "O", 16.535, 65.748, 0, 0, 0],
		[196, "U2_26", 1472.99, -559.21, "T", "SMD", "P4.4", "", "O", 16.535, 65.748, 0, 0, 0],
		[197, "U2_27", 1441.5, -559.21, "T", "SMD", "P4.5", "", "O", 16.535, 65.748, 0, 0, 0],
		[198, "U2_28", 1410, -559.21, "T", "SMD", "P4.1", "", "O", 16.535, 65.748, 0, 0, 0],
		[199, "U2_29", 1378.5, -559.21, "T", "SMD", "P4.6", "", "O", 16.535, 65.748, 0, 0, 0],
		[200, "U2_30", 1347.01, -559.21, "T", "SMD", "P0.7", "", "O", 16.535, 65.748, 0, 0, 0],
		[201, "U2_31", 1315.51, -559.21, "T", "SMD", "P0.6", "", "O", 16.535, 65.748, 0, 0, 0],
		[202, "U2_32", 1284.02, -559.21, "T", "SMD", "P0.5", "", "O", 16.535, 65.748, 0, 0, 0],
		[203, "U2_33", 1252.52, -559.21, "T", "SMD", "P0.4", "", "O", 16.535, 65.748, 0, 0, 0],
		[204, "U2_34", 1184.21, -627.52, "T", "SMD", "P0.3", "", "O", 65.748, 16.535, 0, 0, 0],
		[205, "U2_35", 1184.21, -659.02, "T", "SMD", "P0.2", "", "O", 65.748, 16.535, 0, 0, 0],
		[206, "U2_36", 1184.21, -690.51, "T", "SMD", "P0.1", "", "O", 65.748, 16.535, 0, 0, 0],
		[207, "U2_37", 1184.21, -722.01, "T", "SMD", "P0.0", "", "O", 65.748, 16.535, 0, 0, 0],
		[208, "U2_38", 1184.21, -753.5, "T", "SMD", "+5V", "", "O", 65.748, 16.535, 0, 0, 0],
		[209, "U2_39", 1184.21, -785, "T", "SMD", "P4.2", "", "O", 65.748, 16.535, 0, 0, 0],
		[210, "U2_40", 1184.21, -816.5, "T", "SMD", "P1.0", "", "O", 65.748, 16.535, 0, 0, 0],
		[211, "U2_41", 1184.21, -847.99, "T", "SMD", "P1.1", "", "O", 65.748, 16.535, 0, 0, 0],
		[212, "U2_42", 1184.21, -879.49, "T", "SMD", "P1.2", "", "O", 65.748, 16.535, 0, 0, 0],
		[213, "U2_43", 1184.21, -910.98, "T", "SMD", "P1.3", "", "O", 65.748, 16.535, 0, 0, 0],
		[214, "U2_44", 1184.21, -942.48, "T", "SMD", "P1.4", "", "O", 65.748, 16.535, 0, 0, 0],
		[215, "U3_1", 2050, -684.8, "T", "SMD", "XTAL1", "", "R", 216.535, 78.74, 0, 0, 270],
		[216, "U3_2", 2050, -1035.2, "T", "SMD", "XTAL2", "", "R", 216.535, 78.74, 0, 0, 270],
		[217, "USB1_7", 115.275, -1160.075, "T", "DIP", "GND", "GND", "O", 43.307, 74.803, 27.56, 59.056, 270],
		[218, "USB1_7", 115.275, -1160.075, "B", "DIP", "GND", "GND", "O", 43.307, 74.803, 27.56, 59.056, 270],
		[219, "USB1_7", 115.275, -819.925, "T", "DIP", "GND", "GND", "O", 43.307, 74.803, 27.56, 59.056, 270],
		[220, "USB1_7", 115.275, -819.925, "B", "DIP", "GND", "GND", "O", 43.307, 74.803, 27.56, 59.056, 270],
		[221, "USB1_7", 264.885, -1160.075, "T", "DIP", "GND", "GND", "O", 43.307, 74.803, 27.56, 59.056, 270],
		[222, "USB1_7", 264.885, -1160.075, "B", "DIP", "GND", "GND", "O", 43.307, 74.803, 27.56, 59.056, 270],
		[223, "USB1_7", 264.885, -819.925, "T", "DIP", "GND", "GND", "O", 43.307, 74.803, 27.56, 59.056, 270],
		[224, "USB1_7", 264.885, -819.925, "B", "DIP", "GND", "GND", "O", 43.307, 74.803, 27.56, 59.056, 270],
		[225, "USB1_A12", 274.725, -1096.295, "T", "SMD", "GND", "GND", "R", 31.496, 47.244, 0, 0, 270],
		[226, "USB1_A5", 274.725, -970.315, "T", "SMD", "$1N231", "", "R", 27.559, 47.244, 0, 0, 270],
		[227, "USB1_A9", 274.725, -1049.055, "T", "SMD", "+5V", "", "R", 27.559, 47.244, 0, 0, 270],
		[228, "USB1_B12", 274.725, -883.705, "T", "SMD", "GND", "GND", "R", 31.496, 47.244, 0, 0, 270],
		[229, "USB1_B5", 274.725, -1009.685, "T", "SMD", "$1N227", "", "R", 27.559, 47.244, 0, 0, 270],
		[230, "USB1_B9", 274.725, -930.945, "T", "SMD", "+5V", "", "R", 27.559, 47.244, 0, 0, 270],
		[231, "PAD1_2", 550, -369.37, "T", "SMD", "GND", "GND", "R", 55.512, 53.15, 0, 0, 270],
		[232, "PAD2_1", 550, -290.63, "T", "SMD", "+5V", "", "R", 55.512, 53.15, 0, 0, 270],
		[233, "PAD3_2", 406.152, -380.742, "T", "SMD", "GND", "GND", "R", 55.512, 53.15, 0, 0, 270],
		[234, "PAD4_1", 406.152, -302.002, "T", "SMD", "+5V", "", "R", 55.512, 53.15, 0, 0, 270],
		[235, "PAD5_2", 550, -619.37, "T", "SMD", "GND", "GND", "R", 55.512, 53.15, 0, 0, 270],
		[236, "PAD6_1", 550, -540.63, "T", "SMD", "3.3V", "", "R", 55.512, 53.15, 0, 0, 270],
		[237, "PAD7_2", 395, -619.37, "T", "SMD", "GND", "GND", "R", 55.512, 53.15, 0, 0, 270],
		[238, "PAD8_1", 395, -540.63, "T", "SMD", "3.3V", "", "R", 55.512, 53.15, 0, 0, 270],
		[239, "PAD9_2", 415, -1020.63, "T", "SMD", "GND", "GND", "R", 55.512, 53.15, 0, 0, 90],
		[240, "PAD10_1", 415, -1099.37, "T", "SMD", "+5V", "", "R", 55.512, 53.15, 0, 0, 90],
		[241, "PAD11_2", 1820, -670.63, "T", "SMD", "GND", "GND", "R", 55.512, 53.15, 0, 0, 90],
		[242, "PAD12_1", 1820, -749.37, "T", "SMD", "XTAL1", "", "R", 55.512, 53.15, 0, 0, 90],
		[243, "PAD13_2", 1820, -1054.37, "T", "SMD", "GND", "GND", "R", 55.512, 53.15, 0, 0, 270],
		[244, "PAD14_1", 1820, -975.63, "T", "SMD", "XTAL2", "", "R", 55.512, 53.15, 0, 0, 270],
		[245, "PAD15_2", 900.63, -710, "T", "SMD", "RST", "", "R", 55.512, 53.15, 0, 0, 180],
		[246, "PAD16_1", 979.37, -710, "T", "SMD", "+5V", "", "R", 55.512, 53.15, 0, 0, 180],
		[247, "PAD17_2", 419.37, -1270, "T", "SMD", "P2.0", "", "R", 55.512, 53.15, 0, 0, 90],
		[248, "PAD18_1", 419.37, -1348.74, "T", "SMD", "GND", "GND", "R", 55.512, 53.15, 0, 0, 90],
		[249, "PAD19_2", 2342.816, -299.054, "T", "SMD", "P2.1", "", "R", 55.512, 53.15, 0, 0, 90],
		[250, "PAD20_1", 2342.816, -377.794, "T", "SMD", "GND", "GND", "R", 55.512, 53.15, 0, 0, 90],
		[251, "PAD21_1", 955, -90, "T", "DIP", "P0.0", "", "R", 70.866, 70.866, 43.308, 43.308, 0],
		[252, "PAD21_1", 955, -90, "B", "DIP", "P0.0", "", "R", 70.866, 70.866, 43.308, 43.308, 0],
		[253, "PAD22_2", 1055, -90, "T", "DIP", "P0.1", "", "C", 70.866, 70.866, 43.308, 43.308, 0],
		[254, "PAD22_2", 1055, -90, "B", "DIP", "P0.1", "", "C", 70.866, 70.866, 43.308, 43.308, 0],
		[255, "PAD23_3", 1155, -90, "T", "DIP", "P0.2", "", "C", 70.866, 70.866, 43.308, 43.308, 0],
		[256, "PAD23_3", 1155, -90, "B", "DIP", "P0.2", "", "C", 70.866, 70.866, 43.308, 43.308, 0],
		[257, "PAD24_4", 1255, -90, "T", "DIP", "P0.3", "", "C", 70.866, 70.866, 43.308, 43.308, 0],
		[258, "PAD24_4", 1255, -90, "B", "DIP", "P0.3", "", "C", 70.866, 70.866, 43.308, 43.308, 0],
		[259, "PAD25_5", 1355, -90, "T", "DIP", "P0.4", "", "C", 70.866, 70.866, 43.308, 43.308, 0],
		[260, "PAD25_5", 1355, -90, "B", "DIP", "P0.4", "", "C", 70.866, 70.866, 43.308, 43.308, 0],
		[261, "PAD26_6", 1455, -90, "T", "DIP", "P0.5", "", "C", 70.866, 70.866, 43.308, 43.308, 0],
		[262, "PAD26_6", 1455, -90, "B", "DIP", "P0.5", "", "C", 70.866, 70.866, 43.308, 43.308, 0],
		[263, "PAD27_7", 1555, -90, "T", "DIP", "P0.6", "", "C", 70.866, 70.866, 43.308, 43.308, 0],
		[264, "PAD27_7", 1555, -90, "B", "DIP", "P0.6", "", "C", 70.866, 70.866, 43.308, 43.308, 0],
		[265, "PAD28_8", 1655, -90, "T", "DIP", "P0.7", "", "C", 70.866, 70.866, 43.308, 43.308, 0],
		[266, "PAD28_8", 1655, -90, "B", "DIP", "P0.7", "", "C", 70.866, 70.866, 43.308, 43.308, 0],
		[267, "PAD29_9", 1755, -90, "T", "DIP", "P2.7", "", "C", 70.866, 70.866, 43.308, 43.308, 0],
		[268, "PAD29_9", 1755, -90, "B", "DIP", "P2.7", "", "C", 70.866, 70.866, 43.308, 43.308, 0],
		[269, "PAD30_10", 1855, -90, "T", "DIP", "P2.6", "", "C", 70.866, 70.866, 43.308, 43.308, 0],
		[270, "PAD30_10", 1855, -90, "B", "DIP", "P2.6", "", "C", 70.866, 70.866, 43.308, 43.308, 0],
		[271, "PAD31_11", 1955, -90, "T", "DIP", "P2.5", "", "C", 70.866, 70.866, 43.308, 43.308, 0],
		[272, "PAD31_11", 1955, -90, "B", "DIP", "P2.5", "", "C", 70.866, 70.866, 43.308, 43.308, 0],
		[273, "PAD32_12", 2055, -90, "T", "DIP", "P2.4", "", "C", 70.866, 70.866, 43.308, 43.308, 0],
		[274, "PAD32_12", 2055, -90, "B", "DIP", "P2.4", "", "C", 70.866, 70.866, 43.308, 43.308, 0],
		[275, "PAD33_13", 2155, -90, "T", "DIP", "P2.3", "", "C", 70.866, 70.866, 43.308, 43.308, 0],
		[276, "PAD33_13", 2155, -90, "B", "DIP", "P2.3", "", "C", 70.866, 70.866, 43.308, 43.308, 0],
		[277, "PAD34_14", 2255, -90, "T", "DIP", "P2.2", "", "C", 70.866, 70.866, 43.308, 43.308, 0],
		[278, "PAD34_14", 2255, -90, "B", "DIP", "P2.2", "", "C", 70.866, 70.866, 43.308, 43.308, 0],
		[279, "PAD35_15", 2355, -90, "T", "DIP", "P2.1", "", "C", 70.866, 70.866, 43.308, 43.308, 0],
		[280, "PAD35_15", 2355, -90, "B", "DIP", "P2.1", "", "C", 70.866, 70.866, 43.308, 43.308, 0],
		[281, "PAD36_16", 2455, -90, "T", "DIP", "P2.0", "", "C", 70.866, 70.866, 43.308, 43.308, 0],
		[282, "PAD36_16", 2455, -90, "B", "DIP", "P2.0", "", "C", 70.866, 70.866, 43.308, 43.308, 0],
		[283, "PAD37_1", 760, -1490, "T", "DIP", "P1.0", "", "R", 70.866, 70.866, 43.308, 43.308, 0],
		[284, "PAD37_1", 760, -1490, "B", "DIP", "P1.0", "", "R", 70.866, 70.866, 43.308, 43.308, 0],
		[285, "PAD38_2", 860, -1490, "T", "DIP", "P1.1", "", "C", 70.866, 70.866, 43.308, 43.308, 0],
		[286, "PAD38_2", 860, -1490, "B", "DIP", "P1.1", "", "C", 70.866, 70.866, 43.308, 43.308, 0],
		[287, "PAD39_3", 960, -1490, "T", "DIP", "P1.2", "", "C", 70.866, 70.866, 43.308, 43.308, 0],
		[288, "PAD39_3", 960, -1490, "B", "DIP", "P1.2", "", "C", 70.866, 70.866, 43.308, 43.308, 0],
		[289, "PAD40_4", 1060, -1490, "T", "DIP", "P1.3", "", "C", 70.866, 70.866, 43.308, 43.308, 0],
		[290, "PAD40_4", 1060, -1490, "B", "DIP", "P1.3", "", "C", 70.866, 70.866, 43.308, 43.308, 0],
		[291, "PAD41_5", 1160, -1490, "T", "DIP", "P1.4", "", "C", 70.866, 70.866, 43.308, 43.308, 0],
		[292, "PAD41_5", 1160, -1490, "B", "DIP", "P1.4", "", "C", 70.866, 70.866, 43.308, 43.308, 0],
		[293, "PAD42_6", 1260, -1490, "T", "DIP", "P1.5", "", "C", 70.866, 70.866, 43.308, 43.308, 0],
		[294, "PAD42_6", 1260, -1490, "B", "DIP", "P1.5", "", "C", 70.866, 70.866, 43.308, 43.308, 0],
		[295, "PAD43_7", 1360, -1490, "T", "DIP", "P1.6", "", "C", 70.866, 70.866, 43.308, 43.308, 0],
		[296, "PAD43_7", 1360, -1490, "B", "DIP", "P1.6", "", "C", 70.866, 70.866, 43.308, 43.308, 0],
		[297, "PAD44_8", 1460, -1490, "T", "DIP", "P1.7", "", "C", 70.866, 70.866, 43.308, 43.308, 0],
		[298, "PAD44_8", 1460, -1490, "B", "DIP", "P1.7", "", "C", 70.866, 70.866, 43.308, 43.308, 0],
		[299, "PAD45_9", 1560, -1490, "T", "DIP", "P3.0", "", "C", 70.866, 70.866, 43.308, 43.308, 0],
		[300, "PAD45_9", 1560, -1490, "B", "DIP", "P3.0", "", "C", 70.866, 70.866, 43.308, 43.308, 0],
		[301, "PAD46_10", 1660, -1490, "T", "DIP", "P3.1", "", "C", 70.866, 70.866, 43.308, 43.308, 0],
		[302, "PAD46_10", 1660, -1490, "B", "DIP", "P3.1", "", "C", 70.866, 70.866, 43.308, 43.308, 0],
		[303, "PAD47_11", 1760, -1490, "T", "DIP", "P3.2", "", "C", 70.866, 70.866, 43.308, 43.308, 0],
		[304, "PAD47_11", 1760, -1490, "B", "DIP", "P3.2", "", "C", 70.866, 70.866, 43.308, 43.308, 0],
		[305, "PAD48_12", 1860, -1490, "T", "DIP", "P3.3", "", "C", 70.866, 70.866, 43.308, 43.308, 0],
		[306, "PAD48_12", 1860, -1490, "B", "DIP", "P3.3", "", "C", 70.866, 70.866, 43.308, 43.308, 0],
		[307, "PAD49_13", 1960, -1490, "T", "DIP", "P3.4", "", "C", 70.866, 70.866, 43.308, 43.308, 0],
		[308, "PAD49_13", 1960, -1490, "B", "DIP", "P3.4", "", "C", 70.866, 70.866, 43.308, 43.308, 0],
		[309, "PAD50_14", 2060, -1490, "T", "DIP", "P3.5", "", "C", 70.866, 70.866, 43.308, 43.308, 0],
		[310, "PAD50_14", 2060, -1490, "B", "DIP", "P3.5", "", "C", 70.866, 70.866, 43.308, 43.308, 0],
		[311, "PAD51_15", 2160, -1490, "T", "DIP", "P3.6", "", "C", 70.866, 70.866, 43.308, 43.308, 0],
		[312, "PAD51_15", 2160, -1490, "B", "DIP", "P3.6", "", "C", 70.866, 70.866, 43.308, 43.308, 0],
		[313, "PAD52_16", 2260, -1490, "T", "DIP", "P3.7", "", "C", 70.866, 70.866, 43.308, 43.308, 0],
		[314, "PAD52_16", 2260, -1490, "B", "DIP", "P3.7", "", "C", 70.866, 70.866, 43.308, 43.308, 0],
		[315, "PAD53_1", 2365, -1120, "T", "DIP", "P4.0", "", "R", 66.929, 66.929, 43.308, 43.308, 90],
		[316, "PAD53_1", 2365, -1120, "B", "DIP", "P4.0", "", "R", 66.929, 66.929, 43.308, 43.308, 90],
		[317, "PAD54_2", 2365, -1020, "T", "DIP", "P4.1", "", "C", 66.929, 66.929, 43.308, 43.308, 90],
		[318, "PAD54_2", 2365, -1020, "B", "DIP", "P4.1", "", "C", 66.929, 66.929, 43.308, 43.308, 90],
		[319, "PAD55_3", 2365, -920, "T", "DIP", "P4.2", "", "C", 66.929, 66.929, 43.308, 43.308, 90],
		[320, "PAD55_3", 2365, -920, "B", "DIP", "P4.2", "", "C", 66.929, 66.929, 43.308, 43.308, 90],
		[321, "PAD56_4", 2365, -820, "T", "DIP", "P4.3", "", "C", 66.929, 66.929, 43.308, 43.308, 90],
		[322, "PAD56_4", 2365, -820, "B", "DIP", "P4.3", "", "C", 66.929, 66.929, 43.308, 43.308, 90],
		[323, "PAD57_5", 2365, -720, "T", "DIP", "P4.4", "", "C", 66.929, 66.929, 43.308, 43.308, 90],
		[324, "PAD57_5", 2365, -720, "B", "DIP", "P4.4", "", "C", 66.929, 66.929, 43.308, 43.308, 90],
		[325, "PAD58_6", 2365, -620, "T", "DIP", "P4.5", "", "C", 66.929, 66.929, 43.308, 43.308, 90],
		[326, "PAD58_6", 2365, -620, "B", "DIP", "P4.5", "", "C", 66.929, 66.929, 43.308, 43.308, 90],
		[327, "PAD59_7", 2365, -520, "T", "DIP", "P4.6", "", "C", 66.929, 66.929, 43.308, 43.308, 90],
		[328, "PAD59_7", 2365, -520, "B", "DIP", "P4.6", "", "C", 66.929, 66.929, 43.308, 43.308, 90],
		[329, "PAD60_1", 2675, -1140, "T", "DIP", "+5V", "", "R", 66.929, 66.929, 43.308, 43.308, 90],
		[330, "PAD60_1", 2675, -1140, "B", "DIP", "+5V", "", "R", 66.929, 66.929, 43.308, 43.308, 90],
		[331, "PAD61_2", 2675, -1040, "T", "DIP", "+5V", "", "C", 66.929, 66.929, 43.308, 43.308, 90],
		[332, "PAD61_2", 2675, -1040, "B", "DIP", "+5V", "", "C", 66.929, 66.929, 43.308, 43.308, 90],
		[333, "PAD62_3", 2675, -940, "T", "DIP", "3.3V", "", "C", 66.929, 66.929, 43.308, 43.308, 90],
		[334, "PAD62_3", 2675, -940, "B", "DIP", "3.3V", "", "C", 66.929, 66.929, 43.308, 43.308, 90],
		[335, "PAD63_4", 2675, -840, "T", "DIP", "3.3V", "", "C", 66.929, 66.929, 43.308, 43.308, 90],
		[336, "PAD63_4", 2675, -840, "B", "DIP", "3.3V", "", "C", 66.929, 66.929, 43.308, 43.308, 90],
		[337, "PAD64_5", 2675, -740, "T", "DIP", "GND", "GND", "C", 66.929, 66.929, 43.308, 43.308, 90],
		[338, "PAD64_5", 2675, -740, "B", "DIP", "GND", "GND", "C", 66.929, 66.929, 43.308, 43.308, 90],
		[339, "PAD65_6", 2675, -640, "T", "DIP", "GND", "GND", "C", 66.929, 66.929, 43.308, 43.308, 90],
		[340, "PAD65_6", 2675, -640, "B", "DIP", "GND", "GND", "C", 66.929, 66.929, 43.308, 43.308, 90],
		[341, "PAD66_7", 2675, -540, "T", "DIP", "GND", "GND", "C", 66.929, 66.929, 43.308, 43.308, 90],
		[342, "PAD66_7", 2675, -540, "B", "DIP", "GND", "GND", "C", 66.929, 66.929, 43.308, 43.308, 90],
		[343, "PAD67_1", 615, -1485, "T", "DIP", "P3.0", "", "R", 66.929, 66.929, 43.308, 43.308, 180],
		[344, "PAD67_1", 615, -1485, "B", "DIP", "P3.0", "", "R", 66.929, 66.929, 43.308, 43.308, 180],
		[345, "PAD68_2", 515, -1485, "T", "DIP", "P3.1", "", "C", 66.929, 66.929, 43.308, 43.308, 180],
		[346, "PAD68_2", 515, -1485, "B", "DIP", "P3.1", "", "C", 66.929, 66.929, 43.308, 43.308, 180],
		[347, "PAD69_3", 415, -1485, "T", "DIP", "+5V", "", "C", 66.929, 66.929, 43.308, 43.308, 180],
		[348, "PAD69_3", 415, -1485, "B", "DIP", "+5V", "", "C", 66.929, 66.929, 43.308, 43.308, 180],
		[349, "PAD70_4", 315, -1485, "T", "DIP", "GND", "GND", "C", 66.929, 66.929, 43.308, 43.308, 180],
		[350, "PAD70_4", 315, -1485, "B", "DIP", "GND", "GND", "C", 66.929, 66.929, 43.308, 43.308, 180],
		[351, "PAD71_2", 404.797, -63.6605, "T", "SMD", "$1N913", "", "R", 39.37, 49.213, 0, 0, 270],
		[352, "PAD72_1", 404.797, -150.2805, "T", "SMD", "GND", "GND", "R", 39.37, 49.213, 0, 0, 270],
		[353, "PAD73_2", 903.9087, -899.2247, "T", "SMD", "$1N3408", "", "R", 39.37, 49.213, 0, 0, 360],
		[354, "PAD74_1", 990.5287, -899.2247, "T", "SMD", "P1.1", "", "R", 39.37, 49.213, 0, 0, 360],
		[355, "PAD75_2", 251.2675, -715.2316, "T", "SMD", "$1N3419", "", "R", 39.37, 49.213, 0, 0, 180],
		[356, "PAD76_1", 164.6475, -715.2316, "T", "SMD", "P1.0", "", "R", 39.37, 49.213, 0, 0, 180],
		[357, "PAD77_2", 555, -864.37, "T", "SMD", "GND", "GND", "R", 44.588, 54.213, 0, 0, 270],
		[358, "PAD78_1", 555, -785.63, "T", "SMD", "$1N227", "", "R", 44.588, 54.213, 0, 0, 270],
		[359, "PAD79_2", 405.621, -866.2878, "T", "SMD", "GND", "GND", "R", 44.588, 54.213, 0, 0, 270],
		[360, "PAD80_1", 405.621, -787.5478, "T", "SMD", "$1N231", "", "R", 44.588, 54.213, 0, 0, 270],
		[361, "PAD81_2", 545, -65.63, "T", "SMD", "$1N913", "", "R", 44.588, 54.213, 0, 0, 90],
		[362, "PAD82_1", 545, -144.37, "T", "SMD", "3.3V", "", "R", 44.588, 54.213, 0, 0, 90],
		[363, "PAD83_2", 564.3355, -1271.6575, "T", "SMD", "RST", "", "R", 44.588, 54.213, 0, 0, 90],
		[364, "PAD84_1", 564.3355, -1350.3975, "T", "SMD", "GND", "GND", "R", 44.588, 54.213, 0, 0, 90],
		[365, "PAD85_2", 683.6132, -750.6638, "T", "SMD", "3.3V", "", "R", 44.588, 54.213, 0, 0, 180],
		[366, "PAD86_1", 762.3532, -750.6638, "T", "SMD", "$1N3408", "", "R", 44.588, 54.213, 0, 0, 180],
		[367, "PAD87_2", 774.37, -910, "T", "SMD", "3.3V", "", "R", 44.588, 54.213, 0, 0, 0],
		[368, "PAD88_1", 695.63, -910, "T", "SMD", "$1N3419", "", "R", 44.588, 54.213, 0, 0, 0],
		[369, "PAD89_2", 955, -309.37, "B", "SMD", "+5V", "", "R", 44.588, 54.213, 0, 0, 270],
		[370, "PAD90_1", 955, -230.63, "B", "SMD", "P0.0", "", "R", 44.588, 54.213, 0, 0, 270],
		[371, "PAD91_2", 1054.7778, -309.37, "B", "SMD", "+5V", "", "R", 44.588, 54.213, 0, 0, 270],
		[372, "PAD92_1", 1054.7778, -230.63, "B", "SMD", "P0.1", "", "R", 44.588, 54.213, 0, 0, 270],
		[373, "PAD93_2", 1152.334, -309.37, "B", "SMD", "+5V", "", "R", 44.588, 54.213, 0, 0, 270],
		[374, "PAD94_1", 1152.334, -230.63, "B", "SMD", "P0.2", "", "R", 44.588, 54.213, 0, 0, 270],
		[375, "PAD95_2", 1257.1118, -309.37, "B", "SMD", "+5V", "", "R", 44.588, 54.213, 0, 0, 270],
		[376, "PAD96_1", 1257.1118, -230.63, "B", "SMD", "P0.3", "", "R", 44.588, 54.213, 0, 0, 270],
		[377, "PAD97_2", 1354.668, -309.37, "B", "SMD", "+5V", "", "R", 44.588, 54.213, 0, 0, 270],
		[378, "PAD98_1", 1354.668, -230.63, "B", "SMD", "P0.4", "", "R", 44.588, 54.213, 0, 0, 270],
		[379, "PAD99_2", 1456.4453, -309.37, "B", "SMD", "+5V", "", "R", 44.588, 54.213, 0, 0, 270],
		[380, "PAD100_1", 1456.4453, -230.63, "B", "SMD", "P0.5", "", "R", 44.588, 54.213, 0, 0, 270],
		[381, "PAD101_2", 1558.2227, -309.37, "B", "SMD", "+5V", "", "R", 44.588, 54.213, 0, 0, 270],
		[382, "PAD102_1", 1558.2227, -230.63, "B", "SMD", "P0.6", "", "R", 44.588, 54.213, 0, 0, 270],
		[383, "PAD103_2", 1655, -309.37, "B", "SMD", "+5V", "", "R", 44.588, 54.213, 0, 0, 270],
		[384, "PAD104_1", 1655, -230.63, "B", "SMD", "P0.7", "", "R", 44.588, 54.213, 0, 0, 270],
		[385, "PAD105_1", 54.919, -473.425, "T", "SMD", "GND", "GND", "R", 27.559, 70.866, 0, 0, 90],
		[386, "PAD106_2", 54.919, -374.995, "T", "SMD", "GND", "GND", "R", 27.559, 70.866, 0, 0, 90],
		[387, "PAD107_3", 54.919, -276.575, "T", "SMD", "GND", "GND", "R", 27.559, 70.866, 0, 0, 90],
		[388, "PAD108_4", 295.081, -473.425, "T", "SMD", "+5V", "", "R", 27.559, 70.866, 0, 0, 90],
		[389, "PAD109_5", 295.081, -374.995, "T", "SMD", "+5V", "", "R", 27.559, 70.866, 0, 0, 90],
		[390, "PAD110_6", 295.081, -276.575, "T", "SMD", "+5V", "", "R", 27.559, 70.866, 0, 0, 90],
		[391, "PAD111_1", 729.8455, -1299.2915, "T", "SMD", "RST", "", "R", 60.236, 53.543, 0, 0, 0],
		[392, "PAD112_2", 890.0855, -1299.2915, "T", "SMD", "+5V", "", "R", 60.236, 53.543, 0, 0, 0],
		[393, "PAD113_1", 688.12, -1099.8189, "T", "SMD", "P2.0", "", "R", 60.236, 53.543, 0, 0, 0],
		[394, "PAD114_2", 848.36, -1099.8189, "T", "SMD", "GND", "GND", "R", 60.236, 53.543, 0, 0, 0],
		[395, "PAD115_1", 2084.88, -335, "T", "SMD", "P2.1", "", "R", 60.236, 53.543, 0, 0, 0],
		[396, "PAD116_2", 2245.12, -335, "T", "SMD", "GND", "GND", "R", 60.236, 53.543, 0, 0, 0],
		[397, "PAD117_1", 870.55, -373.073, "T", "SMD", "GND", "GND", "R", 98.425, 43.307, 0, 0, 90],
		[398, "PAD118_2", 780, -373.073, "T", "SMD", "3.3V", "", "R", 98.425, 43.307, 0, 0, 90],
		[399, "PAD119_3", 689.45, -373.073, "T", "SMD", "+5V", "", "R", 98.425, 43.307, 0, 0, 90],
		[400, "PAD120_4", 780, -606.928, "T", "SMD", "3.3V", "", "R", 92.126, 141.732, 0, 0, 90],
		[401, "PAD121_1", 1252.52, -1010.79, "T", "SMD", "P1.5", "", "O", 16.535, 65.748, 0, 0, 0],
		[402, "PAD122_2", 1284.02, -1010.79, "T", "SMD", "P1.6", "", "O", 16.535, 65.748, 0, 0, 0],
		[403, "PAD123_3", 1315.51, -1010.79, "T", "SMD", "P1.7", "", "O", 16.535, 65.748, 0, 0, 0],
		[404, "PAD124_4", 1347.01, -1010.79, "T", "SMD", "RST", "", "O", 16.535, 65.748, 0, 0, 0],
		[405, "PAD125_5", 1378.5, -1010.79, "T", "SMD", "P3.0", "", "O", 16.535, 65.748, 0, 0, 0],
		[406, "PAD126_6", 1410, -1010.79, "T", "SMD", "P4.3", "", "O", 16.535, 65.748, 0, 0, 0],
		[407, "PAD127_7", 1441.5, -1010.79, "T", "SMD", "P3.1", "", "O", 16.535, 65.748, 0, 0, 0],
		[408, "PAD128_8", 1472.99, -1010.79, "T", "SMD", "P3.2", "", "O", 16.535, 65.748, 0, 0, 0],
		[409, "PAD129_9", 1504.49, -1010.79, "T", "SMD", "P3.3", "", "O", 16.535, 65.748, 0, 0, 0],
		[410, "PAD130_10", 1535.98, -1010.79, "T", "SMD", "P3.4", "", "O", 16.535, 65.748, 0, 0, 0],
		[411, "PAD131_11", 1567.48, -1010.79, "T", "SMD", "P3.5", "", "O", 16.535, 65.748, 0, 0, 0],
		[412, "PAD132_12", 1635.79, -942.48, "T", "SMD", "P3.6", "", "O", 65.748, 16.535, 0, 0, 0],
		[413, "PAD133_13", 1635.79, -910.98, "T", "SMD", "P3.7", "", "O", 65.748, 16.535, 0, 0, 0],
		[414, "PAD134_14", 1635.79, -879.49, "T", "SMD", "XTAL2", "", "O", 65.748, 16.535, 0, 0, 0],
		[415, "PAD135_15", 1635.79, -847.99, "T", "SMD", "XTAL1", "", "O", 65.748, 16.535, 0, 0, 0],
		[416, "PAD136_16", 1635.79, -816.5, "T", "SMD", "GND", "GND", "O", 65.748, 16.535, 0, 0, 0],
		[417, "PAD137_17", 1635.79, -785, "T", "SMD", "P4.0", "", "O", 65.748, 16.535, 0, 0, 0],
		[418, "PAD138_18", 1635.79, -753.5, "T", "SMD", "P2.0", "", "O", 65.748, 16.535, 0, 0, 0],
		[419, "PAD139_19", 1635.79, -722.01, "T", "SMD", "P2.1", "", "O", 65.748, 16.535, 0, 0, 0],
		[420, "PAD140_20", 1635.79, -690.51, "T", "SMD", "P2.2", "", "O", 65.748, 16.535, 0, 0, 0],
		[421, "PAD141_21", 1635.79, -659.02, "T", "SMD", "P2.3", "", "O", 65.748, 16.535, 0, 0, 0],
		[422, "PAD142_22", 1635.79, -627.52, "T", "SMD", "P2.4", "", "O", 65.748, 16.535, 0, 0, 0],
		[423, "PAD143_23", 1567.48, -559.21, "T", "SMD", "P2.5", "", "O", 16.535, 65.748, 0, 0, 0],
		[424, "PAD144_24", 1535.98, -559.21, "T", "SMD", "P2.6", "", "O", 16.535, 65.748, 0, 0, 0],
		[425, "PAD145_25", 1504.49, -559.21, "T", "SMD", "P2.7", "", "O", 16.535, 65.748, 0, 0, 0],
		[426, "PAD146_26", 1472.99, -559.21, "T", "SMD", "P4.4", "", "O", 16.535, 65.748, 0, 0, 0],
		[427, "PAD147_27", 1441.5, -559.21, "T", "SMD", "P4.5", "", "O", 16.535, 65.748, 0, 0, 0],
		[428, "PAD148_28", 1410, -559.21, "T", "SMD", "P4.1", "", "O", 16.535, 65.748, 0, 0, 0],
		[429, "PAD149_29", 1378.5, -559.21, "T", "SMD", "P4.6", "", "O", 16.535, 65.748, 0, 0, 0],
		[430, "PAD150_30", 1347.01, -559.21, "T", "SMD", "P0.7", "", "O", 16.535, 65.748, 0, 0, 0],
		[431, "PAD151_31", 1315.51, -559.21, "T", "SMD", "P0.6", "", "O", 16.535, 65.748, 0, 0, 0],
		[432, "PAD152_32", 1284.02, -559.21, "T", "SMD", "P0.5", "", "O", 16.535, 65.748, 0, 0, 0],
		[433, "PAD153_33", 1252.52, -559.21, "T", "SMD", "P0.4", "", "O", 16.535, 65.748, 0, 0, 0],
		[434, "PAD154_34", 1184.21, -627.52, "T", "SMD", "P0.3", "", "O", 65.748, 16.535, 0, 0, 0],
		[435, "PAD155_35", 1184.21, -659.02, "T", "SMD", "P0.2", "", "O", 65.748, 16.535, 0, 0, 0],
		[436, "PAD156_36", 1184.21, -690.51, "T", "SMD", "P0.1", "", "O", 65.748, 16.535, 0, 0, 0],
		[437, "PAD157_37", 1184.21, -722.01, "T", "SMD", "P0.0", "", "O", 65.748, 16.535, 0, 0, 0],
		[438, "PAD158_38", 1184.21, -753.5, "T", "SMD", "+5V", "", "O", 65.748, 16.535, 0, 0, 0],
		[439, "PAD159_39", 1184.21, -785, "T", "SMD", "P4.2", "", "O", 65.748, 16.535, 0, 0, 0],
		[440, "PAD160_40", 1184.21, -816.5, "T", "SMD", "P1.0", "", "O", 65.748, 16.535, 0, 0, 0],
		[441, "PAD161_41", 1184.21, -847.99, "T", "SMD", "P1.1", "", "O", 65.748, 16.535, 0, 0, 0],
		[442, "PAD162_42", 1184.21, -879.49, "T", "SMD", "P1.2", "", "O", 65.748, 16.535, 0, 0, 0],
		[443, "PAD163_43", 1184.21, -910.98, "T", "SMD", "P1.3", "", "O", 65.748, 16.535, 0, 0, 0],
		[444, "PAD164_44", 1184.21, -942.48, "T", "SMD", "P1.4", "", "O", 65.748, 16.535, 0, 0, 0],
		[445, "PAD165_2", 2050, -1035.2, "T", "SMD", "XTAL2", "", "R", 216.535, 78.74, 0, 0, 270],
		[446, "PAD166_1", 2050, -684.8, "T", "SMD", "XTAL1", "", "R", 216.535, 78.74, 0, 0, 270],
		[447, "PAD167_B12", 274.725, -883.705, "T", "SMD", "GND", "GND", "R", 31.496, 47.244, 0, 0, 270],
		[448, "PAD168_B9", 274.725, -930.945, "T", "SMD", "+5V", "", "R", 27.559, 47.244, 0, 0, 270],
		[449, "PAD169_A5", 274.725, -970.315, "T", "SMD", "$1N231", "", "R", 27.559, 47.244, 0, 0, 270],
		[450, "PAD170_B5", 274.725, -1009.685, "T", "SMD", "$1N227", "", "R", 27.559, 47.244, 0, 0, 270],
		[451, "PAD171_A9", 274.725, -1049.055, "T", "SMD", "+5V", "", "R", 27.559, 47.244, 0, 0, 270],
		[452, "PAD172_A12", 274.725, -1096.295, "T", "SMD", "GND", "GND", "R", 31.496, 47.244, 0, 0, 270],
		[453, "PAD173_7", 115.275, -1160.075, "T", "DIP", "GND", "GND", "O", 43.307, 74.803, 27.56, 59.056, 270],
		[454, "PAD173_7", 115.275, -1160.075, "B", "DIP", "GND", "GND", "O", 43.307, 74.803, 27.56, 59.056, 270],
		[455, "PAD174_7", 115.275, -819.925, "T", "DIP", "GND", "GND", "O", 43.307, 74.803, 27.56, 59.056, 270],
		[456, "PAD174_7", 115.275, -819.925, "B", "DIP", "GND", "GND", "O", 43.307, 74.803, 27.56, 59.056, 270],
		[457, "PAD175_7", 264.885, -1160.075, "T", "DIP", "GND", "GND", "O", 43.307, 74.803, 27.56, 59.056, 270],
		[458, "PAD175_7", 264.885, -1160.075, "B", "DIP", "GND", "GND", "O", 43.307, 74.803, 27.56, 59.056, 270],
		[459, "PAD176_7", 264.885, -819.925, "T", "DIP", "GND", "GND", "O", 43.307, 74.803, 27.56, 59.056, 270],
		[460, "PAD176_7", 264.885, -819.925, "B", "DIP", "GND", "GND", "O", 43.307, 74.803, 27.56, 59.056, 270]
	]
}
}